"teststat","gene","pFdr"
18.3308072337505,"AMPH",0.0232845922911229
15.3571902375663,"LAMA1",0.0756577247179683
34.7955583382994,"AREG",3.15990363535627e-05
14.6554457820806,"NTRK3",0.0859208948635278
20.1732371006459,"IL20",0.0142747478326768
